State,City,Frequency,Name,lat,lng,Network
AK,Anchorage,88.5,KAKL,61.2175758,-149.8996785,KLOVE
AK,Fairbanks,88.3,KZLR,64.8400511,-147.7199756,KLOVE
AK,Juneau,89.7,KLSF,58.3004933,-134.4201306,KLOVE
AK,Ketchikan,88.1,K201EG,55.3422222,-131.6461111,KLOVE
AK,Kodiak,89.9,K210CF,57.79,-152.4072222,KLOVE
AK,Wasilla,99.3,K257GG,61.5808763,-149.4410597,KLOVE
AL,Auburn,90.3,W212AP,32.6082403,-85.4799167,KLOVE
AL,Birmingham,97.3,WKVV,33.5185892,-86.8103567,KLOVE
AL,Carbon Hill,89.7,KRLE,33.8917742,-87.5261236,KLOVE
AL,Gadsden,91.5,WLGQ,34.014264,-86.0066386,KLOVE
AL,Huntsville,103.5,WHVK,34.7295497,-86.5853155,KLOVE
AL,Mobile,98.3,WLVM,30.6953657,-88.0398912,KLOVE
AL,Montgomery,107.9,WMRK-FM,32.3798244,-86.3075741,KLOVE
AL,Tuscaloosa,99.1,WLXQ,33.21031,-87.5658722,KLOVE
AR,Batesville,93.7,K229CF,35.7696862,-91.6409431,KLOVE
AR,El Dorado,88.9,KAKV,33.207471,-92.6655716,KLOVE
AR,Fort Smith,90.7,KLFH,35.3843722,-94.4209646,KLOVE
AR,Fort Smith,90.3,KLFS,35.3843722,-94.4209646,KLOVE
AR,Harrison,91.9,KHLR,36.2297712,-93.107405,KLOVE
AR,Hot Springs,90.1,KLRO,34.5077615,-93.0546003,KLOVE
AR,Jonesboro,105.3,KLFJ,35.835696,-90.7051346,KLOVE
AR,Jonesboro,97.9,K250BH,35.835696,-90.7051346,KLOVE
AR,Jonesboro,101.7,KIYS-HD3,35.835696,-90.7051346,KLOVE
AR,Little Rock,96.9,KWLR,34.7428286,-92.2762904,KLOVE
AR,Marvell,90.7,KLMK,34.5569568,-90.9125471,KLOVE
AR,Mena,94.9,K235DB,34.5842244,-94.2363689,KLOVE
AR,Mountain Home,90.7,KLRM,36.3400904,-92.385217,KLOVE
AR,Pine Bluff,93.1,K226AG,34.224908,-92.0033977,KLOVE
AR,Searcy,88.7,KLUY,35.2437536,-91.7364422,KLOVE
AR,Texarkana,89.3,KKLT,33.4304827,-94.0361745,KLOVE
AS,Pago Pago,88.9,KVPP,38.7945952,-106.5348379,KLOVE
AZ,Bullhead City,89.9,KLKI,35.1359386,-114.5285981,KLOVE
AZ,Casa Grande,106.5,KKMR,32.9110027,-111.7733902,KLOVE
AZ,Flagstaff,90.5,K213FL,35.1982836,-111.651302,KLOVE
AZ,Globe,88.5,KLKA,33.3942223,-110.7864984,KLOVE
AZ,Phoenix,89.1,KLVK,33.4482948,-112.0725488,KLOVE
AZ,Phoenix,89.9,KLVA,33.4482948,-112.0725488,KLOVE
AZ,Prescott,90.9,KLPT,34.5394432,-112.4681888,KLOVE
AZ,Safford,90.9,KLTQ,32.8339546,-109.70758,KLOVE
AZ,Tucson,88.1,KLTU,32.2539787,-110.9741769,KLOVE
AZ,Wickenburg,91.1,K216GP,33.9697664,-112.7301882,KLOVE
AZ,Yuma,100.9,KYLK,32.6926512,-114.6276916,KLOVE
CA,Bakersfield,88.7,KBLV,35.3735112,-119.0204707,KLOVE
CA,Chester,98.9,KWLU,40.3062736,-121.2319098,KLOVE
CA,Chico,88.3,KLVC,39.7282839,-121.8379978,KLOVE
CA,Crescent City,100.5,K263CE,41.7557501,-124.2025913,KLOVE
CA,Eureka,103.7,KLKE,40.8020712,-124.1636729,KLOVE
CA,Eureka,105.9,K290BZ,40.8020712,-124.1636729,KLOVE
CA,Fairfield,91.9,K220JB,38.2491956,-122.0405151,KLOVE
CA,Fontana,92.7,K224DK,34.0922335,-117.435048,KLOVE
CA,Fresno,91.1,KLVY,36.7377981,-119.7871247,KLOVE
CA,Gilroy,89.1,K206BQ,37.0029828,-121.5566373,KLOVE
CA,Hemet,91.1,KKLP,33.7475203,-116.9719684,KLOVE
CA,King City,95.5,K238AH,36.2127439,-121.1260287,KLOVE
CA,Lancaster,95.1,K236AW,34.703947,-118.1481016,KLOVE
CA,Laytonville,91.9,KHKL,39.6882116,-123.4827942,KLOVE
CA,Los Angeles,100.3,KKLQ,34.0549076,-118.242643,KLOVE
CA,Modesto,88.3,KLVN,37.6392595,-120.9970014,KLOVE
CA,Modesto,90.5,KLXF,37.6392595,-120.9970014,KLOVE
CA,Mount Shasta,98.5,K253AX,41.3098746,-122.3105666,KLOVE
CA,Nevada City,92.9,K225AU,39.2615606,-121.0160594,KLOVE
CA,Oroville,104.5,K283AR,39.5133153,-121.5577086,KLOVE
CA,Pacifica,89.3,KMVS,37.6327914,-122.4900652,KLOVE
CA,Palm Springs,105.1,KLXB,33.8232286,-116.5106191,KLOVE
CA,Petaluma,92.1,K221DQ,38.232417,-122.6366524,KLOVE
CA,Redding,101.9,K270AA,40.5754129,-122.3836121,KLOVE
CA,Redding,107.9,KKLC,40.5754129,-122.3836121,KLOVE
CA,Ridgecrest,89.7,KLXP,35.6205062,-117.6717812,KLOVE
CA,Sacramento,103.9,KLVB,38.5781342,-121.4944209,KLOVE
CA,Sacramento/Stockton,89.7,KLRS,37.96492,-121.2812504,KLOVE
CA,Salinas-Monterey,88.9,KLVM,36.6777372,-121.6555013,KLOVE
CA,San Diego,102.1,KLVJ,32.715738,-117.1610838,KLOVE
CA,San Francisco,107.3,KLVS,37.7749295,-122.4194155,KLOVE
CA,San Francisco,104.1,K281BU,37.7749295,-122.4194155,KLOVE
CA,San Jose,95.3,KJLV,37.33874,-121.8852525,KLOVE
CA,San Luis Obispo,96.1,KSLY,35.2827524,-120.6596156,KLOVE
CA,San Marcos,96.9,K245AI,33.1433723,-117.1661449,KLOVE
CA,Santa Barbara,97.5,KLSB,34.420285,-119.698935,KLOVE
CA,Santa Rosa,91.9,KLVR,38.440429,-122.7140548,KLOVE
CA,Sonora,100.7,K264BP,37.9829496,-120.3821724,KLOVE
CA,Stockton,102.9,K275BT,37.9575104,-121.2924737,KLOVE
CA,Susanville,98.5,K253AA,40.4162842,-120.6530063,KLOVE
CA,Temecula,104.1,KKLM,33.4934243,-117.1488156,KLOVE
CA,Thousand Oaks,92.7,KAIV-HD2,34.1761133,-118.8487793,KLOVE
CA,Tracy,90.7,KYKL,37.7395818,-121.4260018,KLOVE
CA,Ukiah,97.1,KULV,39.1501709,-123.2077831,KLOVE
CA,Vacaville,103.1,K276EK,38.3565773,-121.9877444,KLOVE
CA,Victorville,89.5,KLXD,34.5362184,-117.2927641,KLOVE
CA,Visalia,90.5,KLXY,36.3301329,-119.2966367,KLOVE
CA,Yreka,95.9,K240EJ,41.7354186,-122.6344708,KLOVE
CO,Aspen,89.9,K210BO,39.1910983,-106.8175387,KLOVE
CO,Breckenridge,88.7,KBKV,39.4816537,-106.0383518,KLOVE
CO,Buena Vista,90.3,KKBV,38.8422178,-106.1311288,KLOVE
CO,Cedaredge,101.3,K267AZ,38.9016487,-107.926454,KLOVE
CO,Colorado Springs,102.7,KBIQ,38.8353142,-104.8216009,KLOVE
CO,Cortez,101.7,K269HG,37.3488827,-108.5859265,KLOVE
CO,Craig,90.7,K214FQ,40.5152491,-107.5464541,KLOVE
CO,Denver,91.1,KLDV,39.7392358,-104.990251,KLOVE
CO,Dillon,90.3,K212GJ,39.6302643,-106.0433518,KLOVE
CO,Durango,88.5,KLCQ,37.2739528,-107.8792499,KLOVE
CO,Estes Park,88.7,K204GT,40.3772059,-105.5216651,KLOVE
CO,Glenwood Springs,89.7,K209FA,39.5505376,-107.3247762,KLOVE
CO,Glenwood Springs,91.9,KLXV,39.5505376,-107.3247762,KLOVE
CO,Grand Junction,90.3,KLFV,39.0689478,-108.5642809,KLOVE
CO,Gunnison,91.9,K220AH,38.5458246,-106.9253207,KLOVE
CO,Gypsum,91.3,KLRY,39.6446532,-106.9491072,KLOVE
CO,Hotchkiss,99.5,KLHQ,38.799707,-107.7195032,KLOVE
CO,Leadville,89.1,K206AZ,39.2508229,-106.2925238,KLOVE
CO,Loveland,101.7,K269EQ,40.395451,-105.0745837,KLOVE
CO,Meeker,91.7,K219AW,40.0374733,-107.9131299,KLOVE
CO,Mesa,89.9,K210CE,38.9585381,-108.6175626,KLOVE
CO,Montrose,92.5,K223BR,38.4783198,-107.8761738,KLOVE
CO,Nucla,90.5,K213BX,38.2694347,-108.5478691,KLOVE
CO,Pagosa Springs,90.9,K215AX,37.26945,-107.0097617,KLOVE
CO,Parachute,91.5,K218BP,39.4519225,-108.0528529,KLOVE
CO,Rangely,91.9,K220BM,40.0874759,-108.8048292,KLOVE
CO,Steamboat Springs,89.3,KLBV,40.4849769,-106.8317158,KLOVE
CO,Sterling,99.3,K257FD,40.6255415,-103.207709,KLOVE
CO,Sterling,91.3,KLZV,40.6255415,-103.207709,KLOVE
CO,Telluride,90.7,KPKL,37.9374939,-107.8122852,KLOVE
CO,Vail,90.3,K212FY,39.6433243,-106.3780801,KLOVE
CT,Hartford,106.9,WCCC,41.7658043,-72.6733723,KLOVE
DC,Washington,107.3,WLVW,38.9072873,-77.0369274,KLOVE
DE,Dover,103.3,W277AH,39.158168,-75.5243682,KLOVE
FL,Fort Myers,88.7,WDLV,26.6409247,-81.8605575,KLOVE
FL,Gainesville,88.7,W204BL,29.6519563,-82.324998,KLOVE
FL,Jacksonville,90.9,WJKV,30.3297566,-81.6591529,KLOVE
FL,Key West,89.9,WKWR,24.5550593,-81.7799871,KLOVE
FL,Miami,89.7,WMLV,25.7616798,-80.1917902,KLOVE
FL,Panama City,107.9,WPFM,30.1588129,-85.6602058,KLOVE
FL,Pensacola,95.7,WPLV,30.4076647,-87.2189746,KLOVE
FL,Starke,88.3,WLSF,29.9441298,-82.1098275,KLOVE
FL,Tallahassee,103.7,W279CU,30.4381828,-84.2806235,KLOVE
FL,Tallahassee,91.9,WKVH,30.4381828,-84.2806235,KLOVE
FL,Tampa,98.7,WKVZ,27.9516896,-82.4587527,KLOVE
FL,Vero Beach,90.7,W214BD,27.638635,-80.3946317,KLOVE
FL,West Palm Beach,90.7,WFLV,26.7144532,-80.0549456,KLOVE
GA,Albany,106.1,WHKV,31.5784757,-84.1513687,KLOVE
GA,Americus,88.7,WQLR,32.0723861,-84.2326876,KLOVE
GA,Atlanta,106.7,WAKL,33.7501275,-84.3885209,KLOVE
GA,Augusta,102.3,WEKL,33.4687314,-82.0283188,KLOVE
GA,Bainbridge,105.9,W290AS,30.9037995,-84.5754699,KLOVE
GA,Columbus,90.5,WKCC,32.4667107,-84.9918962,KLOVE
GA,Dallas,92.5,W223BP,33.9244531,-84.8413056,KLOVE
GA,Gainesville,105.1,WLVG,34.2978794,-83.8240663,KLOVE
GA,Hawkinsville,103.9,WGLH,32.2837731,-83.4721177,KLOVE
GA,Macon,105.5,WLXF,32.8362271,-83.6320478,KLOVE
GA,Rome,95.7,WUKV,34.2564774,-85.1687212,KLOVE
GA,Savannah,102.1,WKZV,32.0808989,-81.091203,KLOVE
GA,Savannah,102.1,WKZV-HD2,32.0808989,-81.091203,KLOVE
GA,Valdosta-Tifton,95.3,WVKV,30.8328597,-83.2771957,KLOVE
GA,Warner Robins,102.5,WGLU,32.6130007,-83.624201,KLOVE
HI,Hilo,88.1,KLHE,19.7216023,-155.084887,KLOVE
HI,Honolulu,103.5,KLUU,21.3098845,-157.8581401,KLOVE
HI,Kailua-Kona,91.1,KLHY,19.6419129,-155.9962255,KLOVE
HI,Lahaina,95.9,KKHI,20.882371,-156.6816195,KLOVE
HI,Maui,100.7,KMKV,20.7983626,-156.3319253,KLOVE
IA,Ames,97.9,K250BC,42.0307812,-93.6319131,KLOVE
IA,Burlington,107.7,K299AU,40.8076529,-91.1128901,KLOVE
IA,Cedar Rapids,103.9,K280HA,41.9778795,-91.6656232,KLOVE
IA,Cedar Rapids,89.1,KXGM-HD2,41.9778795,-91.6656232,KLOVE
IA,Des Moines,90.5,K213DV,41.5896139,-93.6163963,KLOVE
IA,Des Moines,95.3,K237GC,41.5896139,-93.6163963,KLOVE
IA,Des Moines,103.7,K279BX,41.5896139,-93.6163963,KLOVE
IA,Des Moines,107.5,KKDM-HD3,41.5896139,-93.6163963,KLOVE
IA,Fort Dodge,89.5,KLFG,42.4974694,-94.1680158,KLOVE
IA,Keokuk,95.3,KQKL,40.4044731,-91.3963966,KLOVE
IA,Newton,88.3,KKLG,41.7033177,-93.0573533,KLOVE
IA,Ottumwa,90.3,K212GH,41.0160293,-92.4083022,KLOVE
IA,Sioux Center,88.5,KLDX,43.0797991,-96.1756935,KLOVE
IA,Sioux City,100.1,K261DY,42.4963416,-96.4049408,KLOVE
IA,Sioux City,107.5,KILV,42.4963416,-96.4049408,KLOVE
ID,Boise,99.5,KLXI,43.6150186,-116.2023137,KLOVE
ID,Burley,103.7,K279CV,42.5357428,-113.7927948,KLOVE
ID,Pocatello,91.5,K218EZ,42.8621042,-112.4506191,KLOVE
ID,Pocatello/Idaho Falls,89.5,KLRI,43.4926602,-112.0407506,KLOVE
ID,Twin Falls,92.1,K221FT,42.5558381,-114.4700518,KLOVE
ID,Twin Falls,99.1,KXTA-HD4,42.5558381,-114.4700518,KLOVE
IL,Bloomington,96.7,WIKF,40.4768909,-88.9920118,KLOVE
IL,Chicago,97.9,WCKL,41.88325,-87.6323879,KLOVE
IL,Chicago-Western Suburbs,92.5,WCLR,41.8847507,-88.2039607,KLOVE
IL,Decatur,99.3,WXFM,39.8436162,-88.9530693,KLOVE
IL,Joliet,99.1,W256CA,41.5249512,-88.0829698,KLOVE
IL,North Chicago,89.1,WOKL,42.325578,-87.8411818,KLOVE
IL,Peoria,107.9,WPZA-HD2,40.6928141,-89.5906035,KLOVE
IL,Quad Cities,98.9,WLKU,41.4496341,-90.5082706,KLOVE
IL,Rockford,91.1,WILV,42.2677214,-89.0877748,KLOVE
IL,Springfield,96.7,WIKC,39.8006593,-89.6449345,KLOVE
IL,Woodstock,91.7,WZKL,42.3147436,-88.4487021,KLOVE
IN,Anderson,92.7,W224CL,40.1051253,-85.6781677,KLOVE
IN,Bedford,97.3,W247AY,38.8611619,-86.4872149,KLOVE
IN,Bloomington,90.9,WBKC,39.169574,-86.5385549,KLOVE
IN,Columbus,102.1,W271BG,39.2014404,-85.9213796,KLOVE
IN,Connersville,105.5,W288CM,39.6400357,-85.1422609,KLOVE
IN,Elwood,101.7,WIKL,40.2770252,-85.8418953,KLOVE
IN,Evansville,94.9,WYNG,37.9715592,-87.5710898,KLOVE
IN,Evansville,95.3,WKVN,37.9715592,-87.5710898,KLOVE
IN,Evansville,101.9,WEKV,37.9715592,-87.5710898,KLOVE
IN,Indianapolis,101.9,WKLU,39.76909,-86.158018,KLOVE
IN,Kokomo,88.3,WCKO,40.486427,-86.1336033,KLOVE
IN,Lafayette,88.9,WLXJ,40.4177263,-86.8909321,KLOVE
IN,Muncie,88.3,WKMV,40.1936877,-85.3876714,KLOVE
IN,Plymouth,89.3,WIKV,41.3436554,-86.3097278,KLOVE
IN,Richmond,89.3,WKRT,39.8290379,-84.8915833,KLOVE
IN,Seymour,91.5,WJLR,38.9592201,-85.8902547,KLOVE
IN,Terre Haute,95.9,WHLR,39.4654441,-87.4139427,KLOVE
IN,Warsaw,88.7,WQKV,41.2381,-85.8530469,KLOVE
KS,Atchison,97.7,K249DT,39.5630521,-95.1216356,KLOVE
KS,Emporia,90.7,KEKL,38.403903,-96.1816626,KLOVE
KS,Great Bend,91.9,KRTY,38.3644567,-98.7648073,KLOVE
KS,Hutchinson,93.9,K230BP,38.0608445,-97.9297743,KLOVE
KS,Manhattan/Topeka,88.9,KGLV,39.0473451,-95.6751576,KLOVE
KS,Oberlin,91.3,K217CY,39.8183384,-100.528201,KLOVE
KS,Salina,96.9,K245BN,38.8402805,-97.6114237,KLOVE
KS,Salina,99.9,KSKG-HD3,38.8402805,-97.6114237,KLOVE
KS,Wichita,99.1,KTLI,37.693452,-97.3382202,KLOVE
KY,Beattyville,88.3,WEBF,37.5717532,-83.7068597,KLOVE
KY,Danville,96.3,WXKY,37.6458551,-84.7725154,KLOVE
KY,Elizabethtown,99.3,WLEZ,37.7043065,-85.8712385,KLOVE
KY,Fredonia,92.1,WKYF,37.2081074,-88.0566877,KLOVE
KY,Jenkins,103.5,W278BK,37.1734372,-82.6309892,KLOVE
KY,Lexington,89.9,WKVO,38.0389091,-84.5152662,KLOVE
KY,London,104.9,W285DT,37.1289771,-84.0832646,KLOVE
KY,London,103.1,WWLT,37.1289771,-84.0832646,KLOVE
KY,Louisville,95.1,W236AN,38.2468618,-85.7663724,KLOVE
KY,Louisville,100.5,WSDF-HD2,38.2468618,-85.7663724,KLOVE
KY,Morehead,93.3,W227AX,38.1768636,-83.4357151,KLOVE
KY,Paducah,90.1,WKYP,37.0841709,-88.5980283,KLOVE
KY,Somerset,88.1,WKVY,37.0920222,-84.6041084,KLOVE
LA,Alexandria,89.9,KLXA,31.3112936,-92.4451371,KLOVE
LA,Baton Rouge,92.7,WBKL,30.4514677,-91.1871466,KLOVE
LA,Bunkie,106.3,K292GE,30.9532472,-92.1826258,KLOVE
LA,Houma,106.3,KLXH,29.5957696,-90.7195348,KLOVE
LA,Lafayette,90.9,KIKL,30.2240897,-92.0198427,KLOVE
LA,Lake Charles,89.1,KRLR,30.2265949,-93.2173758,KLOVE
LA,Leesville - DeRidder,104.1,KLXN,31.1435194,-93.260998,KLOVE
LA,Monroe,93.5,KLXE,32.5093109,-92.1193012,KLOVE
LA,Monroe,104.7,K284DE,32.5093109,-92.1193012,KLOVE
LA,Natchitoches,106.5,KLNQ,31.7607195,-93.0862749,KLOVE
LA,New Orleans,107.5,KNOL,29.9508941,-90.0758356,KLOVE
LA,Ruston,92.1,K221GT,32.5232053,-92.637927,KLOVE
LA,Shreveport,88.5,KLHV,32.5130159,-93.7514874,KLOVE
MA,Athol,99.9,WKMY,42.5959329,-72.2267383,KLOVE
MA,Boston,107.3,WKVB,42.3555076,-71.0565364,KLOVE
MA,Gloucester/North Shore,104.9,WNKC,42.624532,-70.660782,KLOVE
MA,New Bedford,91.1,WTKL,41.6340613,-70.9276657,KLOVE
MD,Midland,88.3,WLVV,39.5900889,-78.9497471,KLOVE
MD,Ocean City,92.1,WLBW,38.3345422,-75.0846016,KLOVE
MD,Salisbury,105.5,WLDW,38.3606736,-75.5993692,KLOVE
ME,Bangor,102.1,WZVV,44.8016128,-68.7712257,KLOVE
ME,Bangor,101.7,WSVV,44.8016128,-68.7712257,KLOVE
ME,Portland,89.3,WMSJ,43.670822,-70.2843825,KLOVE
ME,Sanford,92.1,WPKC-FM,43.438809,-70.7750575,KLOVE
MI,Detroit,102.7,WDKL,42.3297182,-83.0424533,KLOVE
MI,Escanaba,88.9,WCRR,45.7452466,-87.0645801,KLOVE
MI,Flint,100.1,W261BH,43.0125274,-83.6874562,KLOVE
MI,Flint,88.9,WLFN,43.0125274,-83.6874562,KLOVE
MI,Hillsdale,102.5,WKMH,41.9200472,-84.6305101,KLOVE
MI,Holly,98.3,W252CP,42.7919727,-83.6277255,KLOVE
MI,Iron Mountain,107.5,W298BW,45.8202334,-88.0659603,KLOVE
MI,Ironwood,88.3,WKIW,46.4546698,-90.1710081,KLOVE
MI,Linden,106.3,W292DA,42.8144731,-83.7824526,KLOVE
MI,Marquette,89.3,WSHN,46.5436199,-87.3953713,KLOVE
MI,Munising,97.7,W249DR,46.4110574,-86.6479361,KLOVE
MI,Munising,1400,WQXO-AM,46.4110574,-86.6479361,KLOVE
MI,Saginaw,89.1,WLKB,43.4332528,-83.9390046,KLOVE
MN,Albertville,92.1,K221ES,45.2312337,-93.6687657,KLOVE
MN,Minneapolis,99.9,K260BA,44.977753,-93.2650108,KLOVE
MN,Minneapolis,97.7,K249ED,44.977753,-93.2650108,KLOVE
MN,Minneapolis-St. Paul,100.3,KFXN-HD3,44.9374831,-93.2009998,KLOVE
MN,North Branch,90.3,KMKL,45.5102135,-92.9931054,KLOVE
MN,Willmar,90.9,KKLW,45.1223711,-95.048659,KLOVE
MN,Windom,88.1,KRLP,43.8727352,-95.1113808,KLOVE
MN,Woodbury,105.5,K288GR,44.9238552,-92.9593797,KLOVE
MO,Clinton,96.1,KLRQ,38.3667983,-93.7741584,KLOVE
MO,Columbia,106.5,K293CI,38.951768,-92.3282932,KLOVE
MO,Columbia,92.1,KMFC,38.951768,-92.3282932,KLOVE
MO,Jefferson City,97.5,KJMO,38.5767017,-92.1735164,KLOVE
MO,Joplin,90.7,KOBC,37.0854844,-94.5134312,KLOVE
MO,Kansas City,97.3,KLRX,39.0997265,-94.5785667,KLOVE
MO,Saint Joseph,98.5,K253BG,39.7674578,-94.846681,KLOVE
MO,West Plains,107.1,KBMV-FM,36.7280695,-91.8522677,KLOVE
MS,Columbus-Starkville-West Point,104.5,WLXD,33.6076186,-88.6503254,KLOVE
MS,Greenville,104.7,WLRJ,33.399661,-91.0377029,KLOVE
MS,Grenada,101.3,WKGF,33.7690049,-89.8084192,KLOVE
MS,Gulfport,107.1,WLGF,30.3674198,-89.0928155,KLOVE
MS,Hattiesburg,103.7,WLVZ,31.3271189,-89.2903392,KLOVE
MS,Jackson,94.7,WJLV,30.4278212,-88.556531,KLOVE
MS,McComb,96.7,WBKM,31.2437872,-90.4531535,KLOVE
MS,Meridian,94.5,W233AS,32.3643098,-88.703656,KLOVE
MS,Meridian,93.5,WLBJ,32.3643098,-88.703656,KLOVE
MS,Natchez,91.9,W220BN,31.5604442,-91.403171,KLOVE
MS,Oxford,90.7,W214BL,34.3659868,-89.5188246,KLOVE
MS,Oxford,102.1,WKFF,34.3659868,-89.5188246,KLOVE
MT,Billings,90.9,KLRV,45.7827769,-108.5045938,KLOVE
MT,Bozeman,89.3,KLBZ,45.6793119,-111.037259,KLOVE
MT,Butte,89.7,KQLR,46.0038232,-112.5347776,KLOVE
MT,Great Falls,100.3,KLSK,47.5052849,-111.3007715,KLOVE
MT,Helena,90.1,KHLV,46.5891452,-112.0391057,KLOVE
MT,Kalispell,92.7,K224DV,48.1919889,-114.3168131,KLOVE
MT,Kalispell,88.7,KLKM,48.1919889,-114.3168131,KLOVE
MT,Kalispell,98.9,K255CH,48.1919889,-114.3168131,KLOVE
MT,Missoula,93.7,K229BU,46.8721284,-113.9940314,KLOVE
MT,Missoula,104.5,KKVU-HD2,46.8721284,-113.9940314,KLOVE
NC,Charlotte,91.9,WRCM,35.2270768,-80.8408933,KLOVE
NC,Durham,106.7,WKVK,35.9955684,-78.9002077,KLOVE
NC,Fayetteville,107.3,WKFV,35.0523673,-78.8783774,KLOVE
NC,Greensboro,94.1,WWLV,36.0725632,-79.791534,KLOVE
NC,Greenville,98.9,WLXB,35.6115318,-77.3752068,KLOVE
NC,Hatteras,97.1,WKHC,35.2194549,-75.6903492,KLOVE
NC,Henderson,105.7,W289BX,36.3295704,-78.3991721,KLOVE
NC,Jacksonville,104.1,WKGV,34.7540524,-77.4302414,KLOVE
NC,Kinston,88.3,WLRK,35.2626635,-77.5816353,KLOVE
NC,Lumberton,102.3,WFVL,34.6182199,-79.0086424,KLOVE
NC,Morehead City/New Bern,105.1,WBKZ,34.7229391,-76.7260436,KLOVE
NC,Pinehurst,90.3,WLXZ,35.1954345,-79.4694767,KLOVE
NC,Raleigh,93.9,WNCB-HD2,35.7795897,-78.6381787,KLOVE
NC,Raleigh,94.3,W232CH,35.7795897,-78.6381787,KLOVE
NC,Raleigh,88.9,WRKV,35.7795897,-78.6381787,KLOVE
NC,Rocky Mount,102.1,W271BT,35.9350183,-77.7902011,KLOVE
NC,Sanford,101.9,W270AW,35.4798757,-79.1802994,KLOVE
NC,Wilmington,95.5,W238AV,34.2103894,-77.8868117,KLOVE
NC,Wilmington,100.5,W263BA,34.2103894,-77.8868117,KLOVE
NC,Wilson,88.3,W202CD,35.7258286,-77.9111237,KLOVE
NC,Wilson,105.5,W288BP,35.7258286,-77.9111237,KLOVE
ND,Bismarck,88.3,KBMK,46.8041643,-100.7877616,KLOVE
ND,Fargo,99.3,K257EP,46.8771863,-96.7898034,KLOVE
ND,Fargo,100.7,KLDQ,46.8771863,-96.7898034,KLOVE
ND,Grand Forks,95.3,K237ER,47.9252568,-97.0328547,KLOVE
ND,Jamestown,89.1,KJKL,46.9105438,-98.7084357,KLOVE
ND,Minot,100.7,KNDL,48.2329668,-101.2922906,KLOVE
ND,Williston,91.7,KNDW,48.1469683,-103.6179745,KLOVE
NE,Grand Island,88.3,KLNB,40.9263957,-98.3420118,KLOVE
NE,Hastings,90.3,K212GI,40.5862583,-98.3898726,KLOVE
NE,Lincoln,91.9,K220GT,40.8136634,-96.7025764,KLOVE
NE,Lincoln,89.9,KFLV,40.8136634,-96.7025764,KLOVE
NE,Norfolk,91.7,KVLD,42.0327168,-97.4168171,KLOVE
NE,Omaha,88.1,KMLV,41.2565369,-95.9345034,KLOVE
NE,Scottsbluff,88.3,KLJV,41.8666341,-103.6671662,KLOVE
NH,Chester,101.5,W268DO,42.9567525,-71.2572846,KLOVE
NH,Concord,102.3,WAKC,43.2062206,-71.5398156,KLOVE
NH,Lebanon,107.7,W299AM,43.6422934,-72.2517569,KLOVE
NH,Lebanon,103.1,WZKC,43.6422934,-72.2517569,KLOVE
NH,Littleton,99.1,WYKC,44.3060969,-71.7703013,KLOVE
NH,Plymouth,105.7,WLKC,43.7570415,-71.6878162,KLOVE
NH,Portsmouth,97.1,W246BP,43.0702046,-70.7546771,KLOVE
NH,Portsmouth,1540,WPKC-AM,43.0702046,-70.7546771,KLOVE
NJ,Atlantic City,102.7,WLRB,39.3636917,-74.4291041,KLOVE
NJ,Cape May,93.1,WEZW,38.9316029,-74.9107738,KLOVE
NM,Alamogordo,91.7,KLAG,32.9007766,-105.9601797,KLOVE
NM,Albuquerque,90.7,KQLV,35.0843859,-106.650422,KLOVE
NM,Carlsbad,90.3,KLXC,32.4203395,-104.2289925,KLOVE
NM,Clovis,90.3,KELU,34.4014624,-103.207807,KLOVE
NM,Farmington,88.9,KNMI,36.7280583,-108.2186856,KLOVE
NM,Gallup,88.9,KLLU,35.5263073,-108.7420186,KLOVE
NM,Hobbs,88.3,KLHK,32.7012285,-103.1343854,KLOVE
NM,Las Cruces,93.5,K228FI,32.3142451,-106.7797529,KLOVE
NM,Las Vegas,91.5,K218FN,35.5942137,-105.2227978,KLOVE
NM,Milan,89.5,KVLK,35.1754484,-107.8954549,KLOVE
NM,Roswell,90.1,KRLU,33.3942528,-104.5226958,KLOVE
NM,Ruidoso,91.3,KLXZ,33.3338601,-105.6813321,KLOVE
NM,Truth Or Consequences,91.1,KLCF,33.1284047,-107.2528069,KLOVE
NM,Tucumcari,91.9,KVLP,35.171723,-103.7249662,KLOVE
NV,Carson City,93.1,K226AL,39.1637984,-119.7674034,KLOVE
NV,Fallon,95.1,K236AP,39.4748693,-118.7770407,KLOVE
NV,Las Vegas,95.1,K236BM,36.171563,-115.1391009,KLOVE
NV,Las Vegas,106.5,KSNE-HD2,36.171563,-115.1391009,KLOVE
NV,Las Vegas,87.7,KLVG-LD,36.171563,-115.1391009,KLOVE
NV,Reno,92.9,KLRH,39.529919,-119.8142691,KLOVE
NY,Albany,94.5,WYKV,42.6518095,-73.7544707,KLOVE
NY,Amsterdam,104.1,W281AK,42.9377453,-74.190356,KLOVE
NY,Buffalo,102.5,WBKV,42.8869004,-78.8788896,KLOVE
NY,Gloversville,90.9,WLGV,43.0528506,-74.3437467,KLOVE
NY,Hauppauge-Long Island,94.9,W235BB,40.8256536,-73.2026138,KLOVE
NY,Jamestown,95.3,WLKW,42.0970023,-79.2353259,KLOVE
NY,Long Island – East,103.3,WPLF,40.789142,-73.134961,KLOVE
NY,Malone,94.7,WQLV,44.848769,-74.2937178,KLOVE
NY,New York,95.5,WPLJ,40.7127753,-74.0059728,KLOVE
NY,Plattsburgh,89.7,WKVJ,44.6994873,-73.4529124,KLOVE
NY,Pulaski,101.7,WGKV,43.5670136,-76.1277027,KLOVE
NY,Rochester,104.9,WKDL,43.1565779,-77.6088465,KLOVE
NY,Rochester,88.1,WKEL,43.1565779,-77.6088465,KLOVE
NY,Saratoga Springs,101.3,WJKE,43.0833706,-73.7849756,KLOVE
NY,Selden-Long Island,104.5,W283BA,40.8664873,-73.0356625,KLOVE
NY,Syracuse,105.9,WKLZ,43.0494832,-76.1473977,KLOVE
NY,Utica,107.3,WKVU,43.1010949,-75.2355806,KLOVE
NY,Watertown,90.1,WKWV,43.9725849,-75.909743,KLOVE
OH,Ashtabula,96.1,WOHK,41.8650534,-80.7898089,KLOVE
OH,Athens,94.1,W231CQ,39.3292396,-82.1012554,KLOVE
OH,Bellefontaine,94.1,W231BY,40.3611643,-83.7596557,KLOVE
OH,Bowling Green,105.9,W290BA,41.3747744,-83.6513229,KLOVE
OH,Canton,95.9,WNPQ,40.7973776,-81.3769965,KLOVE
OH,Cincinnati,104.3,WNLT,39.1031182,-84.5120196,KLOVE
OH,Cleveland,95.5,WKLV-FM,41.49932,-81.6943605,KLOVE
OH,Columbus,102.5,WKVR,39.9625112,-83.0032218,KLOVE
OH,Dayton,90.3,WKCD,39.7592225,-84.1936144,KLOVE
OH,Findlay,91.7,W219DS,41.0391283,-83.6502309,KLOVE
OH,Greenville,103.7,W279BR,40.1027908,-84.6328746,KLOVE
OH,Lima,99.3,WVLO,40.742551,-84.1052256,KLOVE
OH,Mansfield,98.7,WYKL,40.7585359,-82.5140846,KLOVE
OH,Marion,99.3,W257AB,40.5886699,-83.1285242,KLOVE
OH,Portsmouth,104.1,WPYK,38.7317431,-82.9976742,KLOVE
OH,Sidney,94.1,W231AZ,40.2842164,-84.1554987,KLOVE
OH,Toledo,104.1,W281AL,41.6528052,-83.5378674,KLOVE
OH,Toledo,96.9,WNKL,41.6528052,-83.5378674,KLOVE
OH,Urbana,103.7,W279BB,40.1083912,-83.7524298,KLOVE
OH,West Union,92.7,W224BO,38.7946596,-83.5438731,KLOVE
OH,Wilmington,102.3,WKLN,39.4453393,-83.8285375,KLOVE
OH,Wooster,90.9,WKWO,40.7974633,-81.9460011,KLOVE
OH,Youngstown,107.1,WLVX,41.0999013,-80.6514748,KLOVE
OH,Youngstown,101.9,WYLR,41.0999013,-80.6514748,KLOVE
OK,Ada,90.3,K212FZ,34.774531,-96.6783449,KLOVE
OK,Altus,90.9,KKVO,34.637765,-99.3340442,KLOVE
OK,Ardmore,88.9,K205FI,34.1742611,-97.1436254,KLOVE
OK,Chickasha,100.9,K265DT,35.052565,-97.9364326,KLOVE
OK,Duncan,103.1,K276FR,34.5023028,-97.9578128,KLOVE
OK,Enid,105.5,K288FX,36.3955891,-97.8783911,KLOVE
OK,Lawton,89.9,KWKL,34.6075126,-98.3920462,KLOVE
OK,McAlester,88.5,KTKL,34.9334298,-95.7697131,KLOVE
OK,Oklahoma City,88.9,KYLV,35.4688692,-97.519539,KLOVE
OK,Stillwater,106.3,K292FJ,36.1157217,-97.0585722,KLOVE
OK,Tulsa,98.9,K255BE,36.1551375,-95.989501,KLOVE
OK,Tulsa,106.5,K293AP,36.1551375,-95.989501,KLOVE
OK,Tulsa,103.7,KDKL,36.1551375,-95.989501,KLOVE
OK,Tulsa,88.1,KTUA-HD2,36.1551375,-95.989501,KLOVE
OK,Tulsa-Bartlesville,89.1,KKLB,36.7467005,-95.9783538,KLOVE
OR,Astoria,88.7,KLOY,46.1878841,-123.8312534,KLOVE
OR,Bend,90.5,KVLB,44.0581728,-121.3153096,KLOVE
OR,Cave Junction,92.5,K223CS,42.1628912,-123.6481235,KLOVE
OR,Coos Bay,91.7,K219CK,43.3672213,-124.2131325,KLOVE
OR,Eugene,100.9,K265DF,44.052121,-123.0896705,KLOVE
OR,Eugene,107.3,K297AJ,44.052121,-123.0896705,KLOVE
OR,Grants Pass,91.1,KLXG,42.4390069,-123.3283925,KLOVE
OR,Hood River,91.1,K216EB,45.708857,-121.5122706,KLOVE
OR,Klamath Falls,100.7,KLKF,42.224867,-121.7816704,KLOVE
OR,La Grande,88.9,K205DV,45.3245771,-118.0877188,KLOVE
OR,La Pine,90.1,KVLQ,43.6703014,-121.5037711,KLOVE
OR,Medford/Ashland,101.1,KLMD,42.1967113,-122.7139216,KLOVE
OR,Newport,89.9,K210CW,44.6367836,-124.0534505,KLOVE
OR,Portland,97.9,KLVP,45.515232,-122.6783853,KLOVE
OR,Roseburg,89.3,KLOV,43.2135109,-123.3412844,KLOVE
OR,Salem/Albany,107.1,KLVU,44.6393666,-123.0763654,KLOVE
OR,The Dalles,101.5,KDLZ,45.6017716,-121.1848433,KLOVE
OR,Tillamook,90.3,KLON,45.4562158,-123.8440137,KLOVE
PA,Altoona,93.5,WLKE,40.5186809,-78.3947359,KLOVE
PA,Bloomsburg,95.9,WKBP,41.003698,-76.4549457,KLOVE
PA,Gettysburg,1320,WGET-AM,39.8309293,-77.2310955,KLOVE
PA,Gettysburg,93.7,W229DK,39.8309293,-77.2310955,KLOVE
PA,Halifax,88.5,WKHW,40.4681409,-76.9319198,KLOVE
PA,Harrisburg,92.1,WKHL,40.2731911,-76.8867008,KLOVE
PA,Johnstown,105.7,WLKJ,40.3267407,-78.9219698,KLOVE
PA,Oil City,96.3,WLOQ,41.4339484,-79.7064413,KLOVE
PA,Philadelphia,106.9,WKVP,39.9525839,-75.1652215,KLOVE
PA,Pittsburgh,98.3,WPKV,40.4386612,-79.9972352,KLOVE
PA,Scranton,88.3,WLKA,41.410314,-75.661099,KLOVE
PA,Somerset,97.7,WLKH,40.008411,-79.0780831,KLOVE
PA,State College,107.9,WKPA,40.7933949,-77.8600012,KLOVE
PA,Sunbury,100.9,WVLY-FM,40.862585,-76.7944104,KLOVE
PA,Uniontown,92.5,W223BY,39.900076,-79.7164326,KLOVE
PA,Warren,105.1,WFSH-FM,41.8439486,-79.1450445,KLOVE
PA,Williamsport,88.1,WKWP,41.2411897,-77.0010786,KLOVE
PA,York,92.7,WKYJ,39.961066,-76.7269596,KLOVE
PR,San Juan,105.7,WJKL,38.7945952,-106.5348379,KLOVE
RI,Providence,95.5,WLVO,41.8244836,-71.4127462,KLOVE
RI,Westerly,88.1,WKIV,41.3766798,-71.8288077,KLOVE
SC,Columbia,89.7,WMHK,34.0008322,-81.035147,KLOVE
SC,Greenville-Spartanburg,94.5,WKVG,34.8484984,-82.4000158,KLOVE
SC,Myrtle Beach,88.9,WKVC,33.6954218,-78.8802094,KLOVE
SC,Orangeburg,100.3,WORG,33.4918203,-80.8556476,KLOVE
SD,Aberdeen,94.9,KLRJ,45.4646985,-98.4864829,KLOVE
SD,Huron,89.7,KLUV,44.3633173,-98.2142572,KLOVE
SD,Mitchell,89.7,K209FX,43.7094283,-98.0297992,KLOVE
SD,Sioux Falls,90.1,KSFS,43.5460223,-96.731265,KLOVE
SD,Yankton,88.7,KLRK,42.8711088,-97.3972813,KLOVE
TN,Brownsville,101.7,W269BB,35.5939671,-89.262291,KLOVE
TN,Dyersburg,90.7,WZKV,36.0345159,-89.3856281,KLOVE
TN,Jackson,96.9,W245AR,35.6145169,-88.8139469,KLOVE
TN,Jackson,106.3,W292CZ,35.6145169,-88.8139469,KLOVE
TN,Knoxville,88.3,WYLV,35.965266,-83.923304,KLOVE
TN,Lawrenceburg,103.9,WLFM,35.2423023,-87.3347389,KLOVE
TN,Memphis,94.1,WKVF,35.1485812,-90.0518955,KLOVE
TN,Morristown,94.1,WMXK,36.2139814,-83.2948922,KLOVE
TN,Murfreesboro,104.9,WLVN,35.8451777,-86.3951864,KLOVE
TN,Nashville,97.1,WLVU,36.1626638,-86.7816016,KLOVE
TN,Selmer-Jackson,90.5,WXKV,35.1700834,-88.5922704,KLOVE
TN,Tullahoma,88.5,WKTH,35.3620235,-86.2094342,KLOVE
TX,Amarillo,89.1,KXLV,35.2069816,-101.8320065,KLOVE
TX,Anthony,102.7,K274BL,31.9992676,-106.6055478,KLOVE
TX,Austin,105.9,KFMK,30.267153,-97.7430608,KLOVE
TX,Beaumont,98.1,K251AL,30.080174,-94.1265562,KLOVE
TX,Beaumont,105.3,KLTW-HD2,30.080174,-94.1265562,KLOVE
TX,Big Spring,97.3,K247AZ,32.2528576,-101.4729574,KLOVE
TX,Borger,92.3,K222BE,35.6678203,-101.3973876,KLOVE
TX,Bowie,92.3,K222AW,33.4473287,-94.479976,KLOVE
TX,Brownfield,106.1,K291BD,33.1812035,-102.2743489,KLOVE
TX,Bryan-College Station,103.9,KVLX,30.825147,-96.4929797,KLOVE
TX,Corpus Christi,88.7,KPLV,27.7963877,-97.4030121,KLOVE
TX,Dallas-Fort Worth,94.9,KLTY,32.7078751,-96.9209135,KLOVE
TX,Dripping Springs,91.9,KLLR,30.1902067,-98.0866781,KLOVE
TX,Dumas,92.5,K223AU,35.8653789,-101.9732236,KLOVE
TX,El Paso,89.5,KKLY,31.7618778,-106.4850217,KLOVE
TX,Fredericksburg,88.1,KGKV,30.27637,-98.8738819,KLOVE
TX,Groves,94.7,K234AM,29.9482695,-93.9171155,KLOVE
TX,Hereford,90.9,KRLH,34.8150622,-102.3977036,KLOVE
TX,Houston,97.1,KLVH,29.7600771,-95.3701108,KLOVE
TX,Karnes City,103.1,KZKV,28.8849772,-97.9008355,KLOVE
TX,Kerrville,99.9,KLKV,30.0474332,-99.1403189,KLOVE
TX,Killeen,107.9,K300BO,31.1212466,-97.733169,KLOVE
TX,Killeen,88.5,KVLT,31.1212466,-97.733169,KLOVE
TX,Lubbock,90.9,KKLU,33.5845235,-101.8552139,KLOVE
TX,Mauriceville,98.9,K255BB,30.2035419,-93.8662819,KLOVE
TX,Midland/Odessa,90.5,KLVW,31.8456816,-102.3676431,KLOVE
TX,Pampa,93.5,K228EB,35.5333545,-100.9718861,KLOVE
TX,San Angelo,88.5,KLRW,31.4637723,-100.4370375,KLOVE
TX,San Antonio,91.3,KZLV,29.4251905,-98.4945922,KLOVE
TX,San Antonio,103.7,KZAI-HD2,29.4251905,-98.4945922,KLOVE
TX,San Marcos/New Braunfels,106.3,KMLR,29.702566,-98.1240635,KLOVE
TX,Tyler,88.7,KZLO,32.3512601,-95.3010624,KLOVE
TX,Waco,88.1,KVLW,31.5575916,-97.1289922,KLOVE
TX,Waco,96.1,K241BW,31.5575916,-97.1289922,KLOVE
TX,Wichita Falls,90.5,KZKL,33.9137085,-98.4933873,KLOVE
UT,Logan,88.1,KNKL,41.7369803,-111.8338359,KLOVE
UT,Moab,89.3,K207EM,38.5732935,-109.550772,KLOVE
UT,Price,102.5,K273BT,39.5994095,-110.8107148,KLOVE
UT,Salt Lake City,107.5,KKLV,40.7605601,-111.8881397,KLOVE
UT,St. George,90.3,KLGU,37.0965278,-113.5684164,KLOVE
UT,Vernal,90.9,KUKV,40.4555157,-109.5287479,KLOVE
VA,Bedford,106.9,WLGX,37.3343079,-79.5230877,KLOVE
VA,Coeburn,99.7,WGCK-FM,36.9439917,-82.4640401,KLOVE
VA,Farmville,95.7,WFLO-FM,37.3020965,-78.3919401,KLOVE
VA,Fredericksburg,89.5,WLJV,38.3003751,-77.4588059,KLOVE
VA,Glade Spring,100.5,WLGW,36.791225,-81.7712324,KLOVE
VA,Harrisonburg,102.9,WLTK,38.4460017,-78.8697826,KLOVE
VA,Manassas,94.3,WLZV,38.7512726,-77.4706769,KLOVE
VA,Norfolk,93.3,W227BR,36.8507689,-76.2858726,KLOVE
VA,Norfolk,90.7,WZLV,36.8507689,-76.2858726,KLOVE
VA,Norfolk,105.3,WNOH-HD3,36.8507689,-76.2858726,KLOVE
VA,Pennington Gap,105.5,WLGY,36.7584219,-83.0271115,KLOVE
VA,Petersburg,100.3,WKYV,37.2279279,-77.4019267,KLOVE
VA,Richmond,98.9,WLFV,37.5407246,-77.4360481,KLOVE
VA,Roanoke,106.1,WLRX,37.2709116,-79.9449495,KLOVE
VA,Williamsburg,97.7,W249CT,37.2757305,-76.7098049,KLOVE
VA,Winchester,103.3,WTCF,39.1856597,-78.1633341,KLOVE
VI,Charlotte Amalie,107.3,WVIE,18.3418571,-64.93106,KLOVE
WA,Aberdeen,89.9,K210ES,46.9753708,-123.8157218,KLOVE
WA,Centralia,101.7,K269FS,46.7162136,-122.9542972,KLOVE
WA,Ellensburg,88.5,K203EN,46.9965144,-120.5478474,KLOVE
WA,Grand Coulee,98.5,KLGW,47.9391662,-119.0120921,KLOVE
WA,Kennewick,103.1,K276EU,46.2086683,-119.119948,KLOVE
WA,Longview,90.3,KLWO,46.1381676,-122.9381672,KLOVE
WA,Olympia,98.5,KNBQ,47.0451842,-122.895355,KLOVE
WA,Port Angeles,90.9,K215DP,48.118146,-123.4307413,KLOVE
WA,Seattle,104.5,KLSW,47.6061389,-122.3328481,KLOVE
WA,Spokane,106.5,KLSN,47.6579711,-117.4235319,KLOVE
WA,Tri-Cities,93.3,KRKL,46.2349999,-119.2233014,KLOVE
WA,Wenatchee,88.1,KLUW,47.4234599,-120.3103494,KLOVE
WA,Westport,101.3,KLWA,46.8900903,-124.1040613,KLOVE
WA,Yakima,103.1,KYKV,46.6022299,-120.5060955,KLOVE
WI,Appleton,102.1,W271AC,44.2622712,-88.4071047,KLOVE
WI,Appleton,106.1,W291CM,44.2622712,-88.4071047,KLOVE
WI,Eau Claire,89.1,W206AH,44.811349,-91.4984941,KLOVE
WI,Fond Du Lac,91.7,WDKV,43.7730448,-88.4470508,KLOVE
WI,Green Bay,90.5,WPFF,44.5133188,-88.0132958,KLOVE
WI,Green Bay,104.9,WPCK,44.5133188,-88.0132958,KLOVE
WI,La Crosse,100.1,WLCW,43.8137751,-91.2519017,KLOVE
WI,Milwaukee,93.3,WLVE,43.0410344,-87.9096783,KLOVE
WI,New London,97.3,W247AS,44.3927582,-88.7398256,KLOVE
WI,Oshkosh,105.3,W287BZ,44.0247062,-88.5426136,KLOVE
WI,Sheboygan,96.9,W245AK,43.7508284,-87.71453,KLOVE
WV,Charleston,98.1,W251BH,38.3498195,-81.6326234,KLOVE
WV,Charleston,93.3,WKVW,38.3498195,-81.6326234,KLOVE
WV,Clarksburg,88.1,WKJL,39.2806451,-80.3445341,KLOVE
WV,Harrisville,90.7,W214CG,39.2095244,-81.0517772,KLOVE
WV,Huntington,91.9,WHKU,38.4191481,-82.4451746,KLOVE
WV,Morgantown,93.9,W230AY,39.6304078,-79.954468,KLOVE
WV,Morgantown,106.9,WUKL,39.6304078,-79.954468,KLOVE
WV,Parkersburg,91.9,WLKP,39.2642138,-81.5607464,KLOVE
WV,Ripley,90.7,WLKV,38.8186957,-81.7106851,KLOVE
WV,Saint Albans,94.9,W235BF,38.3793695,-81.8191658,KLOVE
WV,Weirton,99.3,W257BP,40.4189566,-80.5895167,KLOVE
WV,Wheeling,103.5,WNKV,40.0645386,-80.720417,KLOVE
WV,Wheeling,88.7,WULV,40.0645386,-80.720417,KLOVE
WY,Casper,89.1,KLWC,42.848709,-106.2980824,KLOVE
WY,Cheyenne/Laramie,90.9,KLWV,41.1347435,-104.8211901,KLOVE
WY,Gillette,88.9,KLOF,44.2931097,-105.494199,KLOVE
WY,Jackson,88.3,KMLT,43.4799291,-110.7624282,KLOVE
WY,Riverton,91.7,KRKM,43.024673,-108.3806054,KLOVE
WY,Rock Springs,101.9,KLWR,41.5874644,-109.2029043,KLOVE
WY,Sheridan,89.9,K210AM,44.7971939,-106.9561791,KLOVE
AK,Anchorage,104.9,KYKA,61.2175758,-149.8996785,AIRONE
AK,Fairbanks,91.9,K220IV,64.8400511,-147.7199756,AIRONE
AK,Juneau,88.1,KAKI,58.3004933,-134.4201306,AIRONE
AL,Birmingham,104.7,WZZK-HD2,33.5185892,-86.8103567,AIRONE
AL,Birmingham,102.1,W271BN,33.5185892,-86.8103567,AIRONE
AL,Huntsville,103.5,WHVK-HD2,34.7295497,-86.5853155,AIRONE
AL,Huntsville,92.9,W225AH,34.7295497,-86.5853155,AIRONE
AL,Tuscaloosa,102.9,WFMA,33.21031,-87.5658722,AIRONE
AR,Bentonville,88.1,KRQA,36.3723561,-94.2102141,AIRONE
AR,Blytheville,103.7,K279BJ,35.9284963,-89.9080319,AIRONE
AR,Fort Smith,88.1,KKRI,35.3843722,-94.4209646,AIRONE
AR,Fouke,104.3,KARH,33.2648232,-93.8854268,AIRONE
AR,Hot Springs,91.5,KALR,34.5077615,-93.0546003,AIRONE
AR,Jonesboro,93.7,KJBR,35.835696,-90.7051346,AIRONE
AR,Little Rock,96.1,K241AP,34.7428286,-92.2762904,AIRONE
AR,Little Rock,96.9,KWLR-HD2,34.7428286,-92.2762904,AIRONE
AR,Searcy,101.5,KOAR,35.2437536,-91.7364422,AIRONE
AZ,Casa Grande,90.7,K214FG,32.9110027,-111.7733902,AIRONE
AZ,Kingman,101.3,KOWI,35.1912977,-114.0522845,AIRONE
AZ,Phoenix,105.5,KAIZ,33.4482948,-112.0725488,AIRONE
AZ,Tucson,89.9,K210EU,32.2539787,-110.9741769,AIRONE
AZ,Tucson,88.1,KLTU-HD2,32.2539787,-110.9741769,AIRONE
AZ,Tucson,96.5,K243CC,32.2539787,-110.9741769,AIRONE
CA,Adelanto,92.7,KYZA,34.5827699,-117.409215,AIRONE
CA,Bakersfield,104.9,K285GG,35.3735112,-119.0204707,AIRONE
CA,Bakersfield,104.7,K284AO,35.3735112,-119.0204707,AIRONE
CA,Bakersfield,89.5,KAIB,35.3735112,-119.0204707,AIRONE
CA,Barstow,92.1,K221GB,34.8957957,-117.0172826,AIRONE
CA,Chico,104.9,KYIX,39.7282839,-121.8379978,AIRONE
CA,Coalinga,88.3,KAWK,36.1397611,-120.3603062,AIRONE
CA,Eureka,95.9,K240DX,40.8020712,-124.1636729,AIRONE
CA,Eureka,103.7,KLKE-HD2,40.8020712,-124.1636729,AIRONE
CA,Fresno,88.5,KAWF,36.7377981,-119.7871247,AIRONE
CA,Hollister,90.7,KHRI,36.8524545,-121.4016021,AIRONE
CA,Lancaster,88.9,KTLW,34.703947,-118.1481016,AIRONE
CA,Lompoc,92.9,K225AO,34.6391501,-120.4579409,AIRONE
CA,Los Angeles,100.3,KKLQ-HD2,34.0549076,-118.242643,AIRONE
CA,Los Angeles,95.9,KAIA,34.0549076,-118.242643,AIRONE
CA,Madera,94.5,KAWJ,36.9613356,-120.0607176,AIRONE
CA,Merced,100.7,K264AL,37.302947,-120.484268,AIRONE
CA,Modesto,99.5,K258AB,37.6392595,-120.9970014,AIRONE
CA,Modesto,90.5,KLXF-HD2,37.6392595,-120.9970014,AIRONE
CA,Monterey-Salinas,97.9,KARW,36.6777372,-121.6555013,AIRONE
CA,Palm Springs,91.7,KHCS,33.8232286,-116.5106191,AIRONE
CA,Porterville,105.7,K289AZ,36.0651431,-119.0164344,AIRONE
CA,Redding,90.1,K211CO,40.5754129,-122.3836121,AIRONE
CA,Redding,102.7,KKRO,40.5754129,-122.3836121,AIRONE
CA,Ridgecrest,88.5,KYUA,35.6205062,-117.6717812,AIRONE
CA,Sacramento,99.1,KARA,38.5781342,-121.4944209,AIRONE
CA,Sacramento,99.5,KSAI,38.5781342,-121.4944209,AIRONE
CA,San Bernardino,90.1,KLRD,34.1045589,-117.291869,AIRONE
CA,San Diego,96.1,KYDO,32.715738,-117.1610838,AIRONE
CA,San Diego,92.1,KARJ,32.715738,-117.1610838,AIRONE
CA,San Francisco,107.3,KLVS-HD2,37.7749295,-122.4194155,AIRONE
CA,San Francisco,103.3,K277CH,37.7749295,-122.4194155,AIRONE
CA,San Jose,97.7,KWAI,37.33874,-121.8852525,AIRONE
CA,San Luis Obispo,88.5,KARQ,35.2827524,-120.6596156,AIRONE
CA,Santa Barbara,103.9,K280FV,34.420285,-119.698935,AIRONE
CA,Santa Barbara,97.5,KLSB-HD2,34.420285,-119.698935,AIRONE
CA,Santa Clarita,88.9,K205EP,34.3916641,-118.542586,AIRONE
CA,Santa Rosa,106.3,KBBL,38.440429,-122.7140548,AIRONE
CA,Soledad,105.9,K290CJ,36.424687,-121.3263187,AIRONE
CA,Stockton,89.3,KCAI,37.9575104,-121.2924737,AIRONE
CA,Studio City,91.9,K220HC,34.1435864,-118.3952727,AIRONE
CA,Thousand Oaks,92.7,KAIV,34.1761133,-118.8487793,AIRONE
CO,Boulder,104.7,K284BY,40.0189728,-105.2747406,AIRONE
CO,Colorado Springs,103.1,K276GG,38.8353142,-104.8216009,AIRONE
CO,Colorado Springs,106.3,KKLI-HD2,38.8353142,-104.8216009,AIRONE
CO,Colorado Springs,106.9,KWRY,38.8353142,-104.8216009,AIRONE
CO,Denver,88.9,K205FV,39.7392358,-104.990251,AIRONE
CO,Denver,91.1,KLDV-HD2,39.7392358,-104.990251,AIRONE
CO,Eagle,90.9,K215EM,39.6542086,-106.8265908,AIRONE
CO,Fort Collins,103.9,KRKA,40.5852602,-105.084423,AIRONE
CO,Grand Junction,98.5,KAAI,39.0689478,-108.5642809,AIRONE
CO,Steamboat Springs,90.1,KHCO,40.4849769,-106.8317158,AIRONE
CO,Sterling,90.7,KSRI,40.6255415,-103.207709,AIRONE
DC,Washington,97.1,WASH-HD2,38.9072873,-77.0369274,AIRONE
FL,Fort Myers,88.7,WDLV-HD2,26.6409247,-81.8605575,AIRONE
FL,Fort Myers,103.5,W278DD,26.6409247,-81.8605575,AIRONE
FL,Jacksonville,89.5,W208AV,30.3297566,-81.6591529,AIRONE
FL,Jacksonville,90.9,WJKV-HD2,30.3297566,-81.6591529,AIRONE
FL,Ocala,99.3,WXRA,29.1850783,-82.1342596,AIRONE
FL,Tampa,98.7,WKVZ-HD2,27.9516896,-82.4587527,AIRONE
FL,West Palm Beach,90.7,WFLV-HD2,26.7144532,-80.0549456,AIRONE
GA,Atlanta,104.7,WAIA,33.7501275,-84.3885209,AIRONE
GA,Augusta,89.5,WQAI,33.4687314,-82.0283188,AIRONE
GA,Savannah,88.1,WLXP,32.0808989,-81.091203,AIRONE
GA,Statesboro,107.3,WAWS,32.4487876,-81.7831674,AIRONE
GA,Valdosta,90.5,WGLA,30.8328597,-83.2771957,AIRONE
HI,Hilo,88.7,K204GM,19.7216023,-155.084887,AIRONE
HI,Honolulu,95.5,KAIM-FM,21.3098845,-157.8581401,AIRONE
HI,Kailua-Kona,94.5,K233DC,19.6419129,-155.9962255,AIRONE
HI,Kailua-Kona,91.1,KLHY-HD2,19.6419129,-155.9962255,AIRONE
IA,Ames,89.7,K209FW,42.0307812,-93.6319131,AIRONE
IA,Cedar Rapids,89.1,KXGM,41.9778795,-91.6656232,AIRONE
IA,Clinton,97.7,K249DO,41.8444735,-90.1887379,AIRONE
IA,Iowa City,100.1,K261DH,41.6578257,-91.5346169,AIRONE
IA,Quad Cities,88.9,KAIP,41.8780025,-93.097702,AIRONE
IA,Quad Cities,97.5,K248CE,41.8780025,-93.097702,AIRONE
IA,Waterloo,91.3,K217FT,42.492786,-92.3425775,AIRONE
IA,Waverly,100.9,K265EH,42.7272032,-92.4668511,AIRONE
ID,Boise,98.7,KARO,43.6150186,-116.2023137,AIRONE
ID,Coeur d'Alene,107.5,K298BQ,47.6734632,-116.7812225,AIRONE
ID,Idaho Falls,90.5,KAIO,43.4926602,-112.0407506,AIRONE
ID,Pocatello,89.9,K210DT,42.8621042,-112.4506191,AIRONE
IL,Chicago,94.3,WAWE,41.88325,-87.6323879,AIRONE
IL,Chicago,103.9,WAWY,41.88325,-87.6323879,AIRONE
IL,Chicago,97.9,WCKL-HD2,41.88325,-87.6323879,AIRONE
IL,Decatur,88.5,W203BD,39.8436162,-88.9530693,AIRONE
IL,Decatur,102.3,W272CB,39.8436162,-88.9530693,AIRONE
IL,Decatur,99.3,WXFM-HD3,39.8436162,-88.9530693,AIRONE
IL,Dekalb,105.3,W287AU,41.9295355,-88.7499128,AIRONE
IL,Peoria,107.9,WPZA,40.6928141,-89.5906035,AIRONE
IL,Quad Cities,97.9,K250BU,40.6331249,-89.3985283,AIRONE
IL,Rockford,100.9,WQFL,42.2677214,-89.0877748,AIRONE
IL,Sugar Grove,88.7,WSRI,41.7614181,-88.443686,AIRONE
IN,Bloomington,103.1,W276BF,39.169574,-86.5385549,AIRONE
IN,Indianapolis,90.5,WQRA,39.76909,-86.158018,AIRONE
IN,Indianapolis,98.7,WQME,39.76909,-86.158018,AIRONE
IN,New Washington,88.3,WARA-FM,38.5631176,-85.5396829,AIRONE
IN,Richmond,91.9,WARD,39.8290379,-84.8915833,AIRONE
KS,Dodge City,89.9,KAIG,37.7560487,-100.018797,AIRONE
KS,Great Bend,91.3,K217EN,38.3644567,-98.7648073,AIRONE
KS,Topeka,90.9,K215DM,39.0473451,-95.6751576,AIRONE
KS,Topeka,92.1,K221DW,39.0473451,-95.6751576,AIRONE
KS,Wichita,91.5,K218DR,37.693452,-97.3382202,AIRONE
KS,Wichita,103.3,K277CU,37.693452,-97.3382202,AIRONE
KY,Beattyville,102.1,WLJC,37.5717532,-83.7068597,AIRONE
KY,Lexington,107.1,WLAI,38.0389091,-84.5152662,AIRONE
KY,London,89.3,KYAI,37.1289771,-84.0832646,AIRONE
KY,Louisa,92.3,WHKQ,38.1142544,-82.6032119,AIRONE
KY,Louisville,88.9,W205BT,38.2468618,-85.7663724,AIRONE
KY,Louisville,97.9,W250BD,38.2468618,-85.7663724,AIRONE
KY,Louisville,100.5,WSDF-HD3,38.2468618,-85.7663724,AIRONE
LA,Baton Rouge,101.1,W266CD,30.4514677,-91.1871466,AIRONE
LA,Baton Rouge,96.1,KRVE-HD2,30.4514677,-91.1871466,AIRONE
LA,Lake Charles,97.1,K246CK,30.2265949,-93.2173758,AIRONE
LA,Lake Charles-Lafayette,89.5,KITA,30.2265949,-93.2173758,AIRONE
LA,Shreveport,106.7,KYXA,32.5130159,-93.7514874,AIRONE
LA,Sulphur,102.3,K272EI,30.2365943,-93.3773783,AIRONE
MA,Boston,107.3,WKVB-HD2,42.3555076,-71.0565364,AIRONE
MA,Lawrence,99.9,W260AS,42.7070354,-71.1631137,AIRONE
MA,Winchendon,91.1,WRWX,42.6871009,-72.0439529,AIRONE
ME,Lewiston,93.9,WARX,44.100351,-70.2147764,AIRONE
MI,Detroit,106.3,W292DK,42.3297182,-83.0424533,AIRONE
MI,Detroit,107.1,W296CG,42.3297182,-83.0424533,AIRONE
MI,Detroit,102.7,WDKL-HD2,42.3297182,-83.0424533,AIRONE
MI,Lansing,95.9,W240CG,42.7335993,-84.5538664,AIRONE
MI,Lansing,100.7,WITL-HD3,42.7335993,-84.5538664,AIRONE
MI,Petoskey,98.9,WAWM,45.3749899,-84.9585241,AIRONE
MI,Rochester Hills,105.5,W288BK,42.6583661,-83.1499322,AIRONE
MI,Saginaw,90.9,WTRK,43.4332528,-83.9390046,AIRONE
MN,Minneapolis-St. Paul,96.3,KMWA,44.9374831,-93.2009998,AIRONE
MN,Saint Cloud,89.5,K208DV,45.5579451,-94.1632404,AIRONE
MO,Bloomfield,91.5,KBAI,36.8858853,-89.9292572,AIRONE
MO,Kansas City,107.9,K300CH,39.0997265,-94.5785667,AIRONE
MO,Kansas City,101.1,KCFX-HD3,39.0997265,-94.5785667,AIRONE
MO,St. Joseph,91.9,KSRD,39.7674578,-94.846681,AIRONE
MS,Holly Springs,96.5,WAIH,34.7675967,-89.4486894,AIRONE
MS,Jackson,93.9,WJAI,32.2981392,-90.18065,AIRONE
MS,Jackson,100.9,WJXN-FM,32.2981392,-90.18065,AIRONE
MS,Laurel,89.7,WLXW,31.6940509,-89.1306124,AIRONE
MT,Billings,89.7,KBIL,45.7827769,-108.5045938,AIRONE
MT,Butte,91.7,K219KM,46.0038232,-112.5347776,AIRONE
MT,Butte,103.9,KBMI,46.0038232,-112.5347776,AIRONE
MT,Great Falls,90.7,KGFA,47.5052849,-111.3007715,AIRONE
MT,Kalispell,91.3,KFLF,48.1919889,-114.3168131,AIRONE
MT,Missoula,97.5,KYMI,46.8721284,-113.9940314,AIRONE
NC,Charlotte,96.1,WHQC-HD2,35.2270768,-80.8408933,AIRONE
NC,Charlotte,100.3,W262BM,35.2270768,-80.8408933,AIRONE
NC,Concord,98.3,W252DI,35.4100756,-80.5819527,AIRONE
NC,Elizabeth City,97.7,WGTI,36.2946008,-76.2510461,AIRONE
NC,Fayetteville,89.3,WZRI,35.0523673,-78.8783774,AIRONE
NC,Fayetteville,107.3,WKFV-HD2,35.0523673,-78.8783774,AIRONE
NC,Fayetteville,102.9,W275BW,35.0523673,-78.8783774,AIRONE
NC,Greensboro,94.1,WWLV-HD2,36.0725632,-79.791534,AIRONE
NC,High Point,107.1,W296CV,35.9556923,-80.0053176,AIRONE
NC,Lexington,99.9,W260BG,35.8240265,-80.2533838,AIRONE
NC,New Bern,92.7,WBNK,35.108493,-77.0441143,AIRONE
NC,Raleigh,88.9,WRKV-HD2,35.7795897,-78.6381787,AIRONE
NC,Southern Pines,97.7,W249BX,35.1740471,-79.3922539,AIRONE
NC,Winston-Salem,88.9,W205CP,36.0948221,-80.2434028,AIRONE
ND,Bismarck,89.7,KNRI,46.8041643,-100.7877616,AIRONE
ND,Fargo,89.5,KFAA,46.8771863,-96.7898034,AIRONE
ND,Minot,91.9,K220GC,48.2329668,-101.2922906,AIRONE
ND,Williston,90.1,K211FS,48.1469683,-103.6179745,AIRONE
NE,Norfolk,88.9,K205GK,42.0327168,-97.4168171,AIRONE
NE,Omaha,107.7,KIMI,41.2565369,-95.9345034,AIRONE
NE,Omaha,104.9,K285GP,41.2565369,-95.9345034,AIRONE
NE,Omaha,99.9,KGOR-HD3,41.2565369,-95.9345034,AIRONE
NE,Scottsbluff,89.1,KDAI,41.8666341,-103.6671662,AIRONE
NH,Farmington,106.5,WNHI,43.3877365,-71.0626606,AIRONE
NM,Alamogordo,89.9,KYCM,32.9007766,-105.9601797,AIRONE
NM,Albuquerque,105.5,KQRI,35.0843859,-106.650422,AIRONE
NM,Carlsbad,89.3,K207CZ,32.4203395,-104.2289925,AIRONE
NM,Hobbs,104.5,K283BC,32.7012285,-103.1343854,AIRONE
NM,Portales,91.3,K217FA,34.1861922,-103.3343978,AIRONE
NM,Roswell,89.1,KQAI,33.3942528,-104.5226958,AIRONE
NV,Carson City,90.9,K215FJ,39.1637984,-119.7674034,AIRONE
NV,Las Vegas,89.3,KAER,36.171563,-115.1391009,AIRONE
NV,Minden-Gardnerville,98.5,K253BH,38.9540739,-119.7657332,AIRONE
NV,Reno,88.3,KYSA,39.529919,-119.8142691,AIRONE
NY,Albany,93.7,WYAI,42.6518095,-73.7544707,AIRONE
NY,Buffalo,89.9,WBWA,42.8869004,-78.8788896,AIRONE
NY,Burlington VT & Plattsburgh,103.3,WAVJ,44.6994873,-73.4529124,AIRONE
NY,Kingston,91.7,WKGW,41.9270367,-73.9973608,AIRONE
NY,Malone,96.5,WMWA,44.848769,-74.2937178,AIRONE
NY,New York,96.7,WARW,40.7127753,-74.0059728,AIRONE
NY,New York,95.5,WPLJ-HD2,40.7127753,-74.0059728,AIRONE
NY,Rome,93.5,WAWR,43.2128473,-75.4557303,AIRONE
NY,Syracuse,101.3,W267AL,43.0494832,-76.1473977,AIRONE
NY,Syracuse,106.9,WSYR-HD3,43.0494832,-76.1473977,AIRONE
OH,Akron,102.5,W273BL,41.081199,-81.5188377,AIRONE
OH,Akron-Cleveland,98.1,WKDD-HD2,41.49932,-81.6943605,AIRONE
OH,Chillicothe,90.1,WOHC,39.3331197,-82.9824019,AIRONE
OH,Cincinnati,96.9,W245AJ,39.1031182,-84.5120196,AIRONE
OH,Cincinnati,90.1,WORI,39.1031182,-84.5120196,AIRONE
OH,Cincinnati,107.1,WKFS-HD3,39.1031182,-84.5120196,AIRONE
OH,Cleveland,92.7,W224CD,41.49932,-81.6943605,AIRONE
OH,Columbus,99.3,W257CU,39.9625112,-83.0032218,AIRONE
OH,Columbus,102.5,WKVR-HD2,39.9625112,-83.0032218,AIRONE
OH,Dayton,96.9,WYDA,39.7592225,-84.1936144,AIRONE
OH,Dayton,97.1,W246CQ,39.7592225,-84.1936144,AIRONE
OH,Hamilton,95.5,W238BJ,39.3988679,-84.5587838,AIRONE
OH,Jackson,90.3,W212BM,39.0520169,-82.6365536,AIRONE
OH,Jefferson,90.9,WCVJ,41.7386662,-80.7698066,AIRONE
OH,Lancaster,105.3,W287CL,39.713743,-82.601929,AIRONE
OH,South Vienna,88.3,WOAR,39.9270045,-83.6124236,AIRONE
OK,Enid,91.1,KKRD,36.3955891,-97.8783911,AIRONE
OK,Lawton,100.7,K264AJ,34.6075126,-98.3920462,AIRONE
OK,Lawton,88.9,KARU,34.6075126,-98.3920462,AIRONE
OK,Muskogee,104.9,K285FI,35.7478769,-95.3696909,AIRONE
OK,Oklahoma City,90.9,KOKF,35.4688692,-97.519539,AIRONE
OK,Tahlequah,100.5,K263AM,35.91537,-94.969956,AIRONE
OK,Tulsa,88.1,KTUA,36.1551375,-95.989501,AIRONE
OR,Bend,89.3,KVRA,44.0581728,-121.3153096,AIRONE
OR,Eugene,90.7,K214CI,44.052121,-123.0896705,AIRONE
OR,Eugene,90.3,K212BF,44.052121,-123.0896705,AIRONE
OR,Klamath Falls,97.5,KYSF,42.224867,-121.7816704,AIRONE
OR,Lebanon,88.1,KGRI,44.5365119,-122.9070339,AIRONE
OR,Medford,88.7,KYSO,42.3230112,-122.8767396,AIRONE
OR,Newberg,97.5,K248BS,45.3003268,-122.9761318,AIRONE
OR,Portland,104.1,KPOZ,45.515232,-122.6783853,AIRONE
OR,Salem,90.3,KAIS,44.9362411,-123.0407496,AIRONE
OR,Salem/Albany,107.1,KLVU-HD2,44.6393666,-123.0763654,AIRONE
OR,The Dalles,90.9,K215CR,45.6017716,-121.1848433,AIRONE
OR,Tillamook,88.5,KAIK,45.4562158,-123.8440137,AIRONE
PA,Harrisburg,101.7,W269AS,40.2731911,-76.8867008,AIRONE
PA,Harrisburg,99.3,WHKF-HD2,40.2731911,-76.8867008,AIRONE
PA,Johnstown,90.7,WPAI,40.3267407,-78.9219698,AIRONE
PA,Lancaster,101.3,WROZ,40.0403279,-76.3041833,AIRONE
PA,Philadelphia,89.5,WYPA,39.9525839,-75.1652215,AIRONE
PA,Philadelphia,106.9,WKVP-HD2,39.9525839,-75.1652215,AIRONE
PA,Pittsburgh,88.7,W204CT,40.4386612,-79.9972352,AIRONE
PA,Pittsburgh,98.3,WPKV-HD2,40.4386612,-79.9972352,AIRONE
PA,Somerset,98.5,WYRA,40.008411,-79.0780831,AIRONE
PA,State College,94.5,WNLI,40.7933949,-77.8600012,AIRONE
SC,Anderson,95.5,WLTE,34.5034394,-82.6501332,AIRONE
SC,Columbia,91.7,W219CY,34.0008322,-81.035147,AIRONE
SC,Columbia,89.7,WMHK-HD2,34.0008322,-81.035147,AIRONE
SC,Greenville-Spartanburg,103.3,WLTS,34.8484984,-82.4000158,AIRONE
TN,Chattanooga,90.1,W211BG,35.0457984,-85.3093995,AIRONE
TN,Cleveland,93.1,WSAA,35.1595182,-84.8766115,AIRONE
TN,Knoxville,89.1,WOFM,35.965266,-83.923304,AIRONE
TN,Memphis,96.1,WIVG,35.1485812,-90.0518955,AIRONE
TN,Memphis,94.9,WWAI,35.1485812,-90.0518955,AIRONE
TN,Nashville,92.5,W223BV,36.1626638,-86.7816016,AIRONE
TN,Nashville,97.1,WLVU-HD2,36.1626638,-86.7816016,AIRONE
TN,Nashville,94.1,WAIV,36.1626638,-86.7816016,AIRONE
TN,Union City,88.9,WTAI,36.4242303,-89.0570096,AIRONE
TX,Abilene,90.5,KAGT,32.4534878,-99.7312829,AIRONE
TX,Amarillo,91.9,KXRI,35.2069816,-101.8320065,AIRONE
TX,Austin,92.5,KVLR,30.267153,-97.7430608,AIRONE
TX,Conroe,95.3,K237FS,30.3118769,-95.4560512,AIRONE
TX,Corpus Christi,103.7,KXAI,27.7963877,-97.4030121,AIRONE
TX,Dallas-Fort Worth,94.9,KLTY-HD2,32.7078751,-96.9209135,AIRONE
TX,Dallas/Fort Worth,101.7,KYDA,32.7766642,-96.7969879,AIRONE
TX,El Paso,89.5,KKLY-HD2,31.7618778,-106.4850217,AIRONE
TX,Houston,103.7,KHJK,29.7600771,-95.3701108,AIRONE
TX,Killeen,102.1,K271AS,31.1212466,-97.733169,AIRONE
TX,Lubbock,91.9,KPGA,33.5845235,-101.8552139,AIRONE
TX,Midland-Odessa,88.7,KFRI,31.8456816,-102.3676431,AIRONE
TX,Plainview,89.7,K209BT,34.1844951,-101.7067766,AIRONE
TX,San Angelo,89.3,KNAR,31.4637723,-100.4370375,AIRONE
TX,San Antonio,97.7,KZAR,29.4251905,-98.4945922,AIRONE
TX,San Antonio,103.7,KZAI,29.4251905,-98.4945922,AIRONE
TX,Victoria,92.7,K224EH,28.8052674,-97.0035982,AIRONE
TX,Waco,88.9,KWAA,31.5575916,-97.1289922,AIRONE
TX,Wichita Falls,100.5,K263AK,33.9137085,-98.4933873,AIRONE
UT,Salt Lake City,89.7,K209CJ,40.7605601,-111.8881397,AIRONE
UT,Salt Lake City,88.7,KUAO,40.7605601,-111.8881397,AIRONE
UT,Salt Lake City,107.5,KKLV-HD2,40.7605601,-111.8881397,AIRONE
UT,St. George,88.5,K203EY,37.0965278,-113.5684164,AIRONE
UT,Vernal,88.1,K201IZ,40.4555157,-109.5287479,AIRONE
VA,Lynchburg,101.7,WAWX,37.4148819,-79.1422071,AIRONE
VA,Norfolk,89.1,WHAR,36.8507689,-76.2858726,AIRONE
VA,Petersburg,90.1,WARV-FM,37.2279279,-77.4019267,AIRONE
VA,Roanoke,102.5,WARJ,37.2709116,-79.9449495,AIRONE
VA,Washington DC / Winchester,92.5,WAIW,39.1856597,-78.1633341,AIRONE
VT,Burlington,94.9,W235BE,44.4758825,-73.212072,AIRONE
VT,Burlington,91.5,WGLY-HD2,44.4758825,-73.212072,AIRONE
VT,Montpelier,89.9,WCMD-HD2,44.2600593,-72.5753869,AIRONE
VT,Montpelier,106.5,W293BR,44.2600593,-72.5753869,AIRONE
VT,Rutland,90.5,WFTF,43.6106237,-72.9726065,AIRONE
WA,Seattle,88.1,KWAO,47.6061389,-122.3328481,AIRONE
WA,Spokane,101.9,KTSL,47.6579711,-117.4235319,AIRONE
WA,Tri-Cities,101.3,KAKP,46.2349999,-119.2233014,AIRONE
WA,Yakima,89.9,K210CX,46.6022299,-120.5060955,AIRONE
WA,Yakima,103.1,KYKV-HD2,46.6022299,-120.5060955,AIRONE
WI,Madison,104.1,WZEE-HD3,43.0721661,-89.4007501,AIRONE
WI,Madison,103.3,W277AE,43.0721661,-89.4007501,AIRONE
WI,Milwaukee,102.1,WLUM,43.0410344,-87.9096783,AIRONE
WI,Milwaukee,105.3,WLDB,43.0410344,-87.9096783,AIRONE
WI,Sheboygan,88.5,W203BX,43.7508284,-87.71453,AIRONE
WV,Charleston,88.9,W205CG,38.3498195,-81.6326234,AIRONE
WV,Charleston,93.3,WKVW-HD2,38.3498195,-81.6326234,AIRONE
WV,Clarksburg,90.1,WYXA,39.2806451,-80.3445341,AIRONE
WV,Elkins,89.9,WCDE,38.9259397,-79.8467349,AIRONE
WV,Morgantown,97.5,W248BF,39.6304078,-79.954468,AIRONE
WY,Casper,88.3,KAIX,42.848709,-106.2980824,AIRONE
WY,Cheyenne,104.1,K281DD,41.1347435,-104.8211901,AIRONE
WY,Cheyenne,101.1,K266CC,41.1347435,-104.8211901,AIRONE
WY,Rock Springs,98.7,KAWR,41.5874644,-109.2029043,AIRONE
OK,Oklahoma City,107.1,KQCV,35.4688692,-97.519539,BOTT
OK,Oklahoma City,107.1,KQCV,35.4688692,-97.519539,BOTT
AR,Eureka Springs,95.3,KAYH,36.4006499,-93.7392889,BOTT
AR,Fayetteville,89.3,KAYH,36.0618562,-94.1579584,BOTT
AR,Fort Smith,88.9,KAYH,35.3843722,-94.4209646,BOTT
AR,Fort Smith,103.5,KAYH,35.3843722,-94.4209646,BOTT
AR,Jonesboro,91.1,KWCV,35.835696,-90.7051346,BOTT
AR,Memphis,100.7,WCRV,35.0387247,-89.8505012,BOTT
AR,Walnut Ridge,88.9,KWCV,36.0683675,-90.9559411,BOTT
AR,West Memphis,90.5,KWCV,35.1465418,-90.1847862,BOTT
CA,Fresno / Modesto,99.9,KCIV,37.6294311,-121.0013447,BOTT
CA,Sonora,107.7,KCIV,37.9829496,-120.3821724,BOTT
ID,Victor,107.5,KJCV,43.6026232,-111.1113603,BOTT
IL,Quincy,94.9,KRNQ,39.9356016,-91.4098726,BOTT
IN,Fort Wayne,1090,WFCV,41.0794759,-85.1362929,BOTT
IN,Fort Wayne,93.7,WFCV,41.0794759,-85.1362929,BOTT
IN,Fort Wayne/Bluffton,100.1,WFCV-FM,40.7374146,-85.1733383,BOTT
IN,Terre Haute,96.3,WMCV,39.4654441,-87.4139427,BOTT
IA,Keokuk,96.3,KRNQ,40.4044731,-91.3963966,BOTT
IA,Sioux City,103.3,KTFC,42.4963416,-96.4049408,BOTT
IA,Sioux Rapids / Spencer,102.9,KTFC,42.8933093,-95.1511051,BOTT
KS,Abilene / Junction City,90.5,KBMP,39.0286093,-96.8313978,BOTT
KS,Atchison,89.7,KJCV,39.5630521,-95.1216356,BOTT
KS,Dodge City,102.5,KKCV,37.7560487,-100.018797,BOTT
KS,Emporia,106.1,KCVW,38.403903,-96.1816626,BOTT
KS,Garden City,107.9,KKCV,37.9716898,-100.8726618,BOTT
KS,Hays,103.9,KKCV,38.8758435,-99.3283696,BOTT
KS,Independence / Coffeyvill,91.5,KARF,37.2242358,-95.7083131,BOTT
KS,Iola,96.3,KARF,37.9244799,-95.3999814,BOTT
KS,Kansas City,92.3,KCCV,39.1155314,-94.6267873,BOTT
KS,Kansas City,760,KCCV,39.1155314,-94.6267873,BOTT
KS,Manhattan,106.1,KBMP,39.179475,-96.573317,BOTT
KS,Newton,950,KJRG,38.0466779,-97.3450365,BOTT
KS,Newton,106.9,KJRG,38.0466779,-97.3450365,BOTT
KS,Olathe,96.9,KCCV,38.8813958,-94.8191285,BOTT
KS,Pittsburg,95.9,KARF,37.410884,-94.70496,BOTT
KS,Russell,95.1,KKCV,38.8952893,-98.8598061,BOTT
KS,Topeka,92.5,KCVT,39.0473451,-95.6751576,BOTT
KS,Topeka,92.5,KCVT,39.0473451,-95.6751576,BOTT
KS,Wichita,94.3,KCVW,37.693452,-97.3382202,BOTT
KS,Wichita,95.5,KJRG,37.693452,-97.3382202,BOTT
KS,Wichita,94.3,KCVW,37.693452,-97.3382202,BOTT
MO,Adrian,88.9,KSCV,38.397518,-94.3516159,BOTT
MO,Branson,1570,KBCV,36.6441276,-93.2183384,BOTT
MO,Branson,103.3,KSCV,36.6441276,-93.2183384,BOTT
MO,Cape Girardeau,103.3,KCGR,37.3058839,-89.5181476,BOTT
MO,Carthage,104.7,KSCV,37.1786259,-94.3139613,BOTT
MO,Cole Camp,104.1,KCRL,38.4600212,-93.2027036,BOTT
MO,Columbia,100.9,KMCV,38.951768,-92.3282932,BOTT
MO,Dixon,90.5,KFCV,37.9917061,-92.0937783,BOTT
MO,Fulton,92.5,KMCV,38.8467082,-91.9479586,BOTT
MO,Hannibal,93.3,KRNQ,39.7083789,-91.3584816,BOTT
MO,Hermitage,94.1,KSCV,37.9414217,-93.3163093,BOTT
MO,Independence,88.9,KJCV,39.0911161,-94.4155068,BOTT
MO,Jackson,105.5,KCGR,37.3822732,-89.6662063,BOTT
MO,Jefferson City,88.9,KMCV,38.5767017,-92.1735164,BOTT
MO,Jefferson City,97.1,KMCV,38.5767017,-92.1735164,BOTT
MO,Joplin,100.5,KSCV,37.0854844,-94.5134312,BOTT
MO,Kansas City,101.5,KCCV,39.0997265,-94.5785667,BOTT
MO,Kimberling City,95.7,KSCV,36.6333962,-93.4168531,BOTT
MO,Kirksville,107.9,KLTE,40.1947539,-92.5832496,BOTT
MO,Lebanon,92.3,KCRL,37.6805149,-92.6637932,BOTT
MO,Lexington,1570,KAYX,39.1847339,-93.8799426,BOTT
MO,Lexington,92.7,KAYX,39.1847339,-93.8799426,BOTT
MO,Maryville,101.5,KJCV,40.3460595,-94.8729438,BOTT
MO,Monett,107.3,KSCV,36.9197522,-93.9276103,BOTT
MO,Mount Vernon,103.3,KSCV,37.1036665,-93.8185401,BOTT
MO,Neosho,104.9,KSCV,36.8689554,-94.367996,BOTT
MO,Oran,90.5,KCGR,37.0852299,-89.655329,BOTT
MO,Poplar Bluff,91.7,KCGR,36.7569994,-90.392888,BOTT
MO,Richmond,92.5,KAYX,39.278622,-93.9768876,BOTT
MO,Rockaway Beach,103.9,KBCV,36.6992276,-93.1599022,BOTT
MO,Rolla,1590,KMOZ,37.948544,-91.7715303,BOTT
MO,Rolla,106.3,KMOZ,37.948544,-91.7715303,BOTT
MO,Saint Robert,106.5,KMCV,37.8280961,-92.1776664,BOTT
MO,Sedalia,94.7,KMCV,38.704281,-93.2283983,BOTT
MO,Sikeston,99.7,KCGR,36.876719,-89.5878579,BOTT
MO,Springfield,90.1,KSCV,37.2089572,-93.2922989,BOTT
MO,St. Joseph,88.9,KJCV,39.7674578,-94.846681,BOTT
MO,St. Louis,1320,KSIV,38.627428,-90.1982439,BOTT
MO,St. Louis,95.9,KSIV,38.627428,-90.1982439,BOTT
MO,St. Louis,91.5,KSIV,38.627428,-90.1982439,BOTT
MO,Stockton,98.3,KSCV,37.6989279,-93.796044,BOTT
MO,Sunrise Beach,90.3,KCRL,38.1758645,-92.7843553,BOTT
MO,Warrensburg,96.9,KMCV,38.7627893,-93.7360498,BOTT
NE,Warsaw,93.9,KCRL,38.240827,-93.3801712,BOTT
NE,West Plains,96.1,KWCV,36.7280695,-91.8522677,BOTT
NE,Beatrice,103.3,KLCV,40.2659269,-96.7466913,BOTT
NE,Columbus,95.5,KLCV,41.4302973,-97.3593904,BOTT
NE,Fremont,103.1,KLCV,41.4333909,-96.4981467,BOTT
NE,Grand Island / Hastings,89.5,KCVG,40.9263957,-98.3420118,BOTT
NE,Lexington,104.5,KCVN,40.7808398,-99.7415045,BOTT
NE,Lexington,104.5,KCVN,40.7808398,-99.7415045,BOTT
NE,Lincoln,88.5,KLCV,40.8136634,-96.7025764,BOTT
NE,Norfolk,96.3,KTFC,42.0327168,-97.4168171,BOTT
NE,North Platte,107.9,KCVN,41.1402759,-100.7601454,BOTT
OK,Omaha,93.7,KLCV,41.2565369,-95.9345034,BOTT
OK,Omaha,103.3,KLCV,41.2565369,-95.9345034,BOTT
OK,York,99.3,KLCV,40.8673915,-97.5920867,BOTT
OK,Ardmore,93.3,KQCV,34.1742611,-97.1436254,BOTT
OK,Bartlesville,95.7,KARF,36.7467005,-95.9783538,BOTT
OK,Edmond,106.5,KQCV-AM,35.6528323,-97.4780954,BOTT
OK,Lawton,800,KQCV,34.6075126,-98.3920462,BOTT
OK,Oklahoma City,102.3,KQCV-AM,35.4688692,-97.519539,BOTT
OK,Oklahoma City,94.1,KQCV-AM,35.4688692,-97.519539,BOTT
OK,Oklahoma City,95.1,KQCV,35.4688692,-97.519539,BOTT
SD,Shawnee,99.9,KQCV-FM,35.3272928,-96.9253004,BOTT
TN,Stillwater,92.5,KQCV,36.1157217,-97.0585722,BOTT
TN,Tulsa,90.3,KQCV,36.1551375,-95.989501,BOTT
TN,Rapid City,99.5,KASD,44.0805434,-103.2310149,BOTT
TN,Clarksville,91.5,WECV,36.5297706,-87.3611694,BOTT
TN,Dickson,93.9,WNRZ,36.0770048,-87.3877899,BOTT
TN,Gallatin,91.5,WECV,36.3877756,-86.4484955,BOTT
TN,Lebanon,640,WECV,36.2081098,-86.2911024,BOTT
TN,Memphis,1160,WCRV,35.1485812,-90.0518955,BOTT
TX,Nashville,89.1,WCRT,36.1626638,-86.7816016,BOTT
WY,Nashville,107.1,WECV,36.1626638,-86.7816016,BOTT
WY,Nashville,90.7,WCRT,36.1626638,-86.7816016,BOTT
OK,Longview/Tyler,1450,KTAA,32.5007037,-94.7404891,BOTT
OK,Jackson Hole,94.5,KJCV,43.4799291,-110.7624282,BOTT
TN,Jackson Hole,107.1,KJCV,43.4799291,-110.7624282,BOTT
OK,El Reno,100.7,KQCV,35.5322741,-97.9550493,BOTT
OK,Muskogee,97.7,KQCV,35.7478769,-95.3696909,BOTT
TN,Memphis,93.7 FM,W229CT,35.1485812,-90.0518955,BOTT
